p_0,p_1,p_2,p_3,p_4,p_5,p_6,p_7,p_8,p_9,p_10,p_11,p_12,p_13,p_14,p_15,p_16,p_17,p_18,p_19,p_20,p_21,p_22,p_23,p_24,p_25,p_26,p_27,p_28,p_29,p_30,p_31,p_32,p_33,p_34,p_35,p_36,p_37,p_38,p_39,p_40,p_41,p_42,p_43,p_44,p_45,p_46,p_47,p_48,p_49,p_50,p_51,p_52,p_53,p_54,p_55,p_56,p_57,p_58,p_59,p_60,p_61,p_62,p_63,p_64,p_65,p_66,p_67,p_68,p_69,p_70,p_71,p_72,p_73,p_74,p_75,p_76,p_77,p_78,p_79,p_80,p_81,p_82,p_83,p_84,p_85,p_86,p_87,p_88,p_89,p_90,p_91,p_92,p_93,p_94,p_95,p_96,p_97,p_98,p_99,p_100,p_101,p_102,p_103,p_104,p_105,p_106,p_107,p_108,p_109,p_110,p_111,p_112,p_113,p_114,p_115,p_116,p_117,p_118,p_119,p_120,p_121,p_122,p_123,p_124,p_125,p_126,p_127,response,id
4221.389881434878,2901.6547359382344,24.958015002075523,2242.6120168371885,2514.3979473810537,1966.4255674887122,2481.503233260718,2328.3652670278566,1348.5268902472785,1706.7057221101254,2030.2079206066437,1327.394703004013,929.142116471446,1719.84464330674,1959.4226679144622,1318.241186579378,421.336984208181,729.9867981753883,614.8997094452722,534.2543834154379,646.9723279787705,216.37136101772938,1687.7758645079575,2606.210066408699,2183.6279229560287,809.9994916041353,616.9807405966741,868.4903536731504,478.8842440988311,211.2971497873058,626.8656283537041,1663.2467504422295,2082.458649092435,1289.4111483567274,282.1375752240736,1572.1586312188272,1878.7288140252629,1318.1395192468913,444.7649371812184,533.9705877795891,1043.6428169961064,803.837587729033,252.50303072377613,1440.8046581998715,2066.7812871221026,1913.833858167759,1538.5124861623494,1407.7608932425926,1211.977984824303,1204.6641475735107,2002.3595363329307,3031.508214351076,3702.6981515275206,3698.8985996468186,2998.515364154419,1869.4937964926323,712.4544713255069,559.3430321326831,1407.1870815889833,1830.303384361511,1375.0035315404414,376.9341552101971,1275.4069390890959,1699.8018740168284,1404.2452385984932,1461.8177332484915,1459.0565473798397,1253.3374805551753,2069.3913885822176,2430.9267259256326,1484.329097077555,554.4551032194025,1632.7708329093361,1800.658289249228,1284.7963150984156,989.2561902534308,1168.1878698937662,1093.0761183866273,261.8897228980346,1388.9345574149315,2496.235398226348,2220.1303300741765,647.3600647343557,1214.2508612133386,1896.144549689621,1269.6451358147544,1009.0116131160861,1683.5473123670233,1585.9487301869472,745.7553019865032,717.9537079228452,1936.5565074673575,2596.1976876543417,2321.1558713848167,1540.3288916844497,1205.635207942479,1443.7416396565216,1911.2893104125103,2155.305504555436,1925.9479865434405,1641.0948144944766,1183.257154669088,566.6493456415253,1872.335226289521,2643.664481809381,2175.1965947912176,2006.50810819288,3078.897801377199,3287.7874463400576,2142.572111389684,1178.6053656478334,2271.278232085183,2865.1234662425404,2387.922749204095,1311.825497505051,1404.0094149358042,2342.6149017697517,2444.8192297268333,1531.048874451779,1071.9883403078652,2047.959751122415,2251.9875686153255,1466.9700312692328,818.9531138225676,1499.9054909300621,2064.4054366172913,2101.686025725655,1469.7123196077473,1,NP_000542.1
428.15126103481293,1999.1908250690503,2622.354695874344,1869.4769733209398,2842.9378180881404,4709.7494579747945,4645.126691804135,2355.3043271982133,1152.6118817966992,2743.744857997658,2162.9244340122864,463.19200953384933,1831.3818743129539,1937.7620985018584,657.2586711703015,1122.4769494890397,1620.2896014221017,911.2235987197944,274.349686503722,992.7471750904533,844.8445012993454,339.0780406494476,998.1911767999857,1599.4471600573418,1952.326109156754,1905.565122997546,1124.1932117026104,1133.8880639236017,2334.6114313496546,2206.867879239772,737.876142639959,2310.48012251871,3517.9855914043446,2854.738606037776,2134.4065600489444,3136.8234750740235,3113.599488381082,1588.680707997753,822.774380938629,1639.5117095094809,1405.409746818092,733.8440655564912,1147.4110292701205,1713.9508502643055,1480.2670820847363,755.467938088156,1573.5257163549074,2226.235427371026,2007.167476996348,1530.021933585687,1263.7640398500876,2044.8492303852065,3444.547119522943,3935.3406689025164,3096.40358974724,1880.966440008574,1431.8294433392718,1071.9392196911888,531.1840677206363,652.8571017235996,1530.6218988415922,2202.20185026917,1824.466712676605,438.14681427719734,926.5103390629496,1179.009711839211,403.0434025071334,1259.1771983667484,1723.4275311397696,1177.386464064749,498.9164683410359,272.8833734612986,561.8679777102568,1480.6861826374313,1858.0519579981928,1571.1127840818124,1056.367551690564,494.6311698213235,699.2996785964546,1492.367827554164,1824.4965937857717,1554.0511141733953,1015.5154942424792,1056.4359888575007,1342.5823005082086,903.0480280500418,339.00608893777957,1455.3171478566408,1689.8768924511496,772.0813931996112,776.6885303479143,1940.4462235528838,2373.724256837253,2340.2815084627878,2160.9730700714626,1771.1325961861162,1197.713253375048,771.9805493478842,925.9147496979706,1289.2878437067327,1418.8328013929777,1449.278517801731,1599.8903607968532,1515.819507580196,1327.6518151335806,2188.089930042127,3320.5724548389762,3614.130682953439,2751.7627630555066,1159.0644647391803,873.141398258234,1902.755808329936,2167.8761674398324,1663.248147224108,708.3607153120964,780.0419654532046,1562.6992696530583,1725.584229921749,1129.3254462827472,224.70442835826785,1245.5645697999857,1859.1477291674116,1557.2135827721258,769.2220692494999,1511.444564181894,2418.0538868037856,2487.2218031623606,1779.102975897428,1,4WQO_A
4267.054245820775,3145.576349102827,683.5563514648701,1812.3988636670865,2516.166452831865,2048.0487402139897,2015.3581822434726,1958.0399764265687,1262.265983367806,1742.4857875647886,2304.0215721529694,1746.84619480985,1311.4152481617377,1927.9110918067165,1797.0889446157523,779.5886791490339,305.77604282768715,747.2254348794268,817.6912316980462,1015.2741895899209,786.6167894988481,456.9317199823272,1464.7444083121484,2030.2220711002503,1660.9752229332425,630.8467695069903,579.1772985525088,1076.8631234604773,910.5163635566474,446.7820501983347,806.4432806361527,1507.1641548176256,1822.3458708954972,1346.034770679432,425.03347271181525,1528.4832216429324,2284.8771254355775,1957.3812904594913,910.8028461089564,522.431003275696,699.8841122585793,167.47421564445568,732.9540945913882,1476.0850606707907,1769.3442691627756,1602.1976113209057,1356.0286132823994,1482.5390606555632,1429.2815390138958,957.3793377286901,1769.0349438870517,3180.132720336871,3913.0443322938545,3637.0182369873746,2609.428636570961,1391.5673715081134,444.4176791885503,568.9545190985127,1342.7877829611969,1713.480356839815,1269.713221972426,565.1115548481187,1279.0604970306263,1630.9694159748274,1414.639865073751,1300.110114963654,1041.02461660911,866.1711104880683,1786.4600437770343,2183.9032150798776,1453.5142773030354,369.42823795667783,1248.7436035460953,1589.9751207784761,1308.947072061759,967.3416953888135,842.8673563070023,688.7236458343825,169.78791088732524,985.140344093301,1828.533548132226,1738.6347621575062,603.6708990219523,929.8669315487585,1648.3002055924092,1166.9305357894298,924.932787717929,1890.5841676318498,1946.1736051195217,995.487909367424,1110.8168887076845,2122.4218129321516,2404.7495321637075,2095.4100424225626,1723.9757244172083,1475.1354761282882,1291.1337355016851,1404.5186535387752,1626.8387727115141,1704.730118762587,1759.7965937819697,1565.7689457637441,1120.7697308858637,1795.7031131673527,2666.0605500819775,2588.0805997236866,2176.222371932624,2775.005240352673,3145.5308859675747,2284.2150513116803,1426.8598719631884,2584.737780914473,3221.784584938071,2495.6454710326448,1116.9636678762238,1677.2622769003522,2626.5735800615544,2524.8512207218823,1451.922079438834,406.8344990710777,1559.8524554178082,2140.38175894355,1807.1612448274952,1256.8683961640213,1765.1814843008397,2248.214279028072,1948.8803146612072,1088.6931991156312,1,XP_030657505.1
3704.850097717812,2687.658130725683,360.04895816636656,1777.28312949636,2510.8553283492624,2170.6633873579985,2135.1227786695654,2095.3770032592015,1387.6717324323715,1509.1633812008192,2092.248264160749,1734.6702929988492,1317.422446352598,1905.1848521649704,1962.6673249696548,1154.9012991514937,260.5490480775374,339.2879666457697,344.3309334901084,678.0145586394597,550.2327078458592,515.2417328167758,1648.1552456267477,2280.9868631107406,1942.3105871881696,904.7225787721803,280.0547217815643,735.5753952518395,696.9307251911376,465.79985173970397,737.8544350849227,1421.233553322838,1757.3069356193946,1261.0088728578992,43.68925081207857,1302.1994396091075,1939.0413062497253,1586.964430660479,624.4125561911816,549.7536941334586,917.7621566132894,630.4670409775467,325.4867886160507,1224.8995418834888,1900.6364755575757,1989.2253622101514,1667.07172032169,1513.446955256959,1337.9503787505898,910.701892225953,1941.3875390028074,3419.5205621861387,4096.071524026501,3678.52037859125,2573.694898359061,1445.8561758872572,720.8778458506474,939.5963647290109,1499.6554432984185,1550.9446399877856,989.767450874357,717.2059380670472,1180.0633461563734,1244.200979461921,1073.98998908635,1070.1230489694728,849.5011165888625,873.5055365932715,1654.8350266067587,1970.2463910179083,1376.9250724233316,413.36869796502026,1191.7230906719296,1803.3511184215251,1822.0269544144876,1469.5909941324462,995.1697874165574,644.3783108310608,753.7990066877999,1340.715491263008,1895.3192181112622,1830.258296690289,959.2914684949963,607.1731441897563,1388.0577532808948,1313.2835492990353,1098.4870419592798,1798.2617203475497,1980.8044233086969,1244.0669812028464,1249.6574390278151,2148.9210431417864,2283.905519118989,1819.6285759296409,1673.3135916894,1835.7379550785458,1828.2156432556524,1804.4297831466445,1780.0280982216445,1596.0087953065283,1319.5180848935865,981.3146206992302,913.8835981555173,1574.3062716775144,2114.690597890651,2140.3375580494603,2233.3312839530986,2844.963193818377,3058.65797972869,2182.459457857672,951.2440000225553,2188.7066373762646,3167.658832641475,2742.989220351435,1417.37068007091,1692.650698923682,2638.2140892248626,2420.317950890576,1260.8467322946992,1142.2287843800132,1992.8480842545177,2009.24842850817,1288.8112343273738,910.4107449465819,1565.2456013810213,2046.484402825808,1977.5326508318656,1371.6797564821563,1,NP_001126390.1
3815.146689694014,2748.143667850886,587.9048490266043,1988.6695958410642,2715.4576846594937,2515.622539907717,2429.382856062411,2183.400749085146,1874.7288934259523,2048.054988363228,1784.651198443231,1532.2149182966584,2382.4290742787543,2620.34106256562,1700.6807909850284,630.7218544613237,787.2182671435346,905.7043119787099,1185.595153294791,946.6018820457631,529.957671236418,2062.3158055368617,2863.5904763113904,2248.036001956993,691.0659124546036,740.9322573797666,1169.647231991806,742.9431664790995,437.52931517759436,1057.8308673595427,1799.9953945411553,2000.0919443726452,1219.3585165325285,846.9629394180541,1947.525926020957,2017.214394356237,901.6654680583295,714.1015468822288,1537.1788738517257,1268.090945681467,181.91797836802172,1044.6645843595938,1805.012130519392,1785.7670353603264,1071.1307239137614,467.04634482419226,618.4718258814884,47.592095317329985,1589.8322646457498,3217.319838783336,4007.556622496217,3543.8609021085845,2187.3315539194436,1056.1897870779744,1447.8776889520107,2155.302916365782,2702.216799986297,2752.082518853322,2111.085617336123,1374.9927225480592,1240.0763922979315,917.6637164804101,388.1358792256893,556.9281273947315,694.989729404642,1697.2722179620102,2512.2833859133943,2132.7356693073402,689.8675048456398,1056.5740278465498,1708.7669433416504,1382.9205674927143,1002.7048548895178,696.4466659234218,509.13459670582256,1681.1927588518097,2399.377180166451,2291.550964215207,1616.199658490596,924.0276770095364,1534.2252896918933,2276.0145276557746,1990.8307656966533,1078.3763603159036,1496.8869557135909,1727.1793125981362,790.4631626963791,651.8442224483668,1329.5423641789137,846.3193938060513,682.1395657812825,1649.9818284386645,1968.893345569785,1801.1841467373886,1480.9601950771184,1133.1312595619866,1291.4583435949708,1551.7963638585454,1356.2821529488515,1514.1681505948661,2210.318925078918,2389.9231066941907,1905.0794257123146,1638.1318687411338,2048.761736263644,2219.1922344648096,1950.1937533463486,2063.7422031342408,2717.178648729661,2799.8466416086494,1898.0257673001684,1750.1369480918133,3117.4081144379893,3472.4424505054712,2278.5754099154965,1436.0998471712974,2750.718143661051,3053.308886323534,1886.0513396078388,534.0930363695834,1430.6061748133116,1624.9270162439043,1058.6491863638746,952.7641836976753,1529.2511323312826,1833.1329242708682,1672.551689451572,1114.7459282211203,1,XP_004033637.2
4213.259235431142,3166.9691163433818,934.3680273331091,1877.4833341514286,2756.2593070124763,2421.5042595912246,2113.0937038178595,1921.022505203856,1296.8001351347586,1734.176937384202,2382.0920863274087,1905.5658558374414,1165.7217408101749,1744.4897250560684,1819.8029396069785,1004.1296951434314,599.4933332951925,742.5258436340165,638.8931763232889,1021.1292588475096,839.9316896120156,365.853132452052,1705.1144830172557,2352.9511055040566,1857.5661345619303,765.9336480793339,648.6099985761294,865.569815604125,714.2995062390609,409.0543709435787,589.9069550722487,1601.5769774102262,2121.800418999657,1562.734911076136,179.44331546457315,1291.0867907576492,1868.4001947092534,1410.433704444532,409.43749140286997,503.41537688071656,853.2711026354672,634.0902459805181,102.25853212669547,926.3172442501657,1593.9255075992473,1883.822445920945,2047.811610251202,2125.282748924812,1696.7579332517728,1279.8790274849582,2462.359066396153,3787.39141600066,4273.1847502260125,3782.605181424084,2632.9962878132974,1363.6261127340426,713.4902972926268,953.0004269285913,1167.7424499444635,1094.7467601158955,675.2857402498437,646.8657132768,1142.8028491155692,1198.2219455932777,991.6671161591983,1045.9218082904765,867.0319278489538,691.0023258694525,1492.4915332600867,1855.9355099214738,1252.265875133596,513.180931152449,1338.9782706221595,1639.107778986855,1244.9024932131056,794.6705807623761,674.6529012456566,402.6819373752643,211.8088718329058,1008.8734065756607,1643.0975515155142,1643.1239133995252,886.1101925239416,771.8726662535203,1460.64054414259,1232.2194077464208,833.1680896409122,1776.3112422196937,2107.3190665686125,1367.9522624016458,1150.5691573291667,2033.6216194062483,2140.785777144524,1556.7809715100816,1248.0971481113183,1337.5183635626815,1454.8690729744048,1742.914008364498,1885.2097521682765,1803.6880364037463,1731.1188418120248,1482.2573408496683,1384.2174434616666,2185.3672117485407,2804.6010299340037,2679.338374016999,2648.564902195554,3287.0586286965836,3374.7928860705015,2196.93151285245,750.3244718164855,2264.146253942778,3201.31718475438,2765.6684172667915,1566.374212165509,1661.9961992280182,2445.1658882178263,2210.291941555211,967.4749112957305,1118.340609912213,2360.2105509999215,2605.781563532008,1782.5628182977932,614.9149203506774,1321.6670875296975,2070.677038893069,2057.4450676329707,1388.1654763086794,1,XP_010367684.1
1083.448444847771,2662.4195651285754,3929.0513548380045,3683.1319159817717,2300.4463047975228,1447.819394354062,1991.1451617891767,1794.56030719046,531.7694435985684,1315.0044395690486,2769.3756546908407,3514.478259253734,3630.3688919673627,3374.32182008146,2834.387418281041,2037.1045257446317,1143.1843992446907,359.98156681823036,415.95202833643964,770.4263583345116,705.6769628118705,651.6373746522286,1423.9661363933099,2141.86959020905,2271.3445710823485,1814.6267025442828,1240.5260553926403,1144.9768234206822,1386.2992133266505,1558.7542856867224,1448.2046332065843,994.5644402749285,657.434563394517,951.1991523537986,1124.8206100889086,1221.999691045536,1694.053430694286,2198.0817585962286,2307.019712899638,1992.5400743190519,1445.5617606685823,836.854791008378,318.4214655494165,213.64199545745112,228.10097942117355,429.45100173988124,809.2961832044117,1025.4707853935117,1133.2345227399032,1402.6004395850773,1727.7768303328596,1892.5714112361757,1932.6182130060304,1901.4428358439911,1715.7175464589895,1415.0569656810403,1180.0691381801316,940.3574227112147,549.0399268259101,404.7894856570078,635.6721021830563,670.3665331456667,585.9465313666016,494.3099989669409,730.6595089758231,1533.2900451527332,2224.7517598665218,2227.2818914241907,1494.6185501240877,1269.8634299892688,2198.155313489675,2663.3399928154367,2261.496438294606,1308.26779444679,472.2346199385607,645.291588607162,863.8282979754014,735.4878557946621,437.7126046538568,842.2298434411888,1424.9151620629286,1571.7616440203437,1168.7848827885537,641.1745086768802,1023.4325917673536,1563.699633823127,1714.121169200798,1492.4898234779623,1230.2208923145847,1268.0400475420468,1343.3282856910048,1194.9536440562395,1019.0499812793769,975.5135002741938,803.8223156130364,472.6298411009451,323.3120686208181,284.10801410507753,757.7957697241247,1490.0321450238907,1854.132531027683,1589.3767758082943,1101.713501410449,1263.109101878684,1555.771153914625,1433.6036879095202,1038.7357584534718,973.7447411601472,2016.4187792064167,3419.4054430818237,4293.087253705512,4088.498107065379,2942.7372378387804,1707.9503797998902,1163.4477235209145,755.5236918087941,1038.941130296731,1928.9232663933917,2321.3393548515596,2421.8878432062306,2865.700902925045,3188.8910520657114,2702.9887716832427,1508.2230280316808,338.4885232142817,787.3604358164082,1541.5786518533569,2321.1165319913584,1,7Q2J_C
1720.6945015119677,1536.127064245241,1656.6481813032337,2119.8902346076866,1880.81313884696,1175.9374982174177,1209.7269610461221,869.9172228695082,1168.833634239074,2232.7494281437953,1795.4742472308176,551.8756503096689,2509.826889901103,3415.768341370781,2913.3251379819944,1692.3876674244543,460.2076509499131,1567.180627993407,1849.7462335169005,443.66667399117193,1653.1567865634577,2681.751273556072,1923.4418125450131,1081.9553922614534,1533.7472810945808,860.1451301000951,872.2423429415728,1559.8862972507661,1128.7025184483289,1176.8713141298324,1775.6977859296874,1761.5880127733876,1470.8969066831169,961.2700648362185,419.79386091448055,1407.2830159740465,2381.4538742410805,2505.1325581261935,1334.0404839118928,1149.7687107994102,2807.451177879792,3018.974297711252,1907.1046061952584,915.6478432052403,793.2262830225759,1386.3205666002875,2088.243363303995,2099.169094717951,2248.6464567522353,2583.7086756361737,2275.5343422727096,2744.4594042874355,3849.1967933913843,3687.3005079304307,2299.7288109590795,1819.9118871605706,2398.3383519714284,2114.3481181168454,1219.3848704152313,587.6401489758912,610.1678811367127,1021.1113410160107,1244.3776275967925,1028.2711730830356,541.9834611545431,728.3172566030235,2247.4792721353374,3641.0667374842433,3806.208014317654,2355.017396883914,267.0942036262255,2176.7110920419273,3110.480281514657,2848.598756773895,2266.228078487203,2347.3221199158847,2288.1071684328267,1299.0454440599701,191.83946686877175,1041.8705543362576,818.0104881755059,474.54673228392727,1341.76155171103,1789.4630215516947,1611.0624910174197,1007.4224794652843,1230.8259630348916,1608.5902643020024,1076.0395578616813,1303.6970068459839,2000.9614266652422,1382.542795241713,432.5416767239472,1375.9457545396642,1032.84879363335,362.1940264027682,1033.6394133013957,358.56250883528185,1257.0960015119774,2213.780379158541,1951.391770226827,2005.325195979597,2573.2415043983347,2019.5154719664044,1106.5041414164068,1192.1998915863285,566.9964283380748,2009.8202804526593,3503.0869050251636,3276.078668897817,1695.7220272649956,1862.6287620701958,2752.8741827041813,2154.677444881703,563.5681131473492,1623.8931701048327,2713.728570741256,2687.0501866832797,2042.1041368297795,2187.8669591026614,2930.4679789327006,3096.2982359006396,2460.3095123399576,1296.0447357817993,141.8797805057171,1130.4599945258453,1759.5251469990912,1925.7285944309474,1,3ZRC_C
1812.485548341628,1665.822307056793,1811.8310645286303,2073.45177172818,1642.6997829684212,1122.2716617177205,1235.51629893702,898.255002165882,1282.9154698947941,2042.8545340576252,1563.098237840584,548.2059639427526,2268.962039292173,3254.947596822511,2910.922715367495,1604.2112795957444,296.2661482128194,1450.1418337856317,1631.453569246791,410.910595392088,1399.062697287062,2358.5539801945943,1897.9907433648257,1226.9322842501433,1353.259040755799,935.4745961073763,977.6353298210051,1420.1059931500529,1027.7274330074783,561.0569946291606,1532.934050357649,2090.355781170595,1868.5044882858933,1289.1835168632397,1273.0206539104533,2032.8000540319947,2308.7840288259167,1667.3733002977383,886.6036030671137,264.36937435789116,2067.104387797008,3505.962038772749,3014.735698521572,977.0944342708439,675.7018959833792,1164.4079990567545,2359.4925025146954,3322.495525988763,3423.4289779153373,2970.13201382532,1167.0763769252164,2693.258084912923,4919.247023927662,4334.859168291632,1871.3507190978637,831.4936922170932,1311.9748144665953,2239.8312980355377,2380.720821540887,1363.9017354546577,1037.631086780976,455.5626952693429,1119.6223150829005,1937.4217022769717,1322.6866214877475,80.50379178285635,1805.084660850994,3745.0878128482304,4510.981834886613,2905.620716242419,337.9669172873938,2955.295914950787,3508.6344699851297,2518.133850996789,2189.2691290185585,2475.8440042660263,1968.6194413373785,898.9386965490097,162.8330661121562,689.8676589659657,702.5411109722052,208.59058010737235,1415.9750184650218,2210.7005722558133,1784.8609993253117,921.626612747422,1571.0276995881807,1519.6835118432457,438.407673104206,1414.52123361763,1924.973767773652,1191.3404153670185,548.976940436054,866.5978247307368,423.69734639526007,495.80761537150806,606.6429429747438,166.383590864769,781.7012521581763,1499.0457275721812,2021.377265981679,2141.6398628552656,2236.4527027012623,2075.1182520211833,1190.323610151355,1086.3025801605631,831.3004087854154,1428.4859619425763,3560.0166513240606,3841.347559121712,1933.992213717538,2065.568406443652,3237.7956515250344,2236.6346335596413,492.1411751938771,2000.4322813588567,2608.6636881618906,2299.7274532105566,1848.5082154710663,2001.6051734041496,2687.07343351578,3139.8132493361295,2749.5895334886914,1543.9198144019572,128.86114279648766,1114.6682843245474,1901.9227840632911,2176.1401173860527,1,1LQB_C
2238.664290881081,2039.9914517262096,2093.8851113075175,2072.3117078944892,1248.5654899170697,1246.260921755087,1644.2106372590983,1174.2017607348541,1648.9703002024671,2150.824452118208,1315.1351479238067,800.7729079236747,2320.281418824515,2990.586750243892,2568.8245785129097,1322.065385542161,284.5826028875931,1211.4755352035909,1149.9722844308976,359.4309725239576,1182.1507495403862,1847.217869744189,1654.7736160030547,957.7594584758197,880.2458379416781,943.2011515111875,590.6237684092789,1162.117781351615,1488.605461260929,948.7820471480716,1446.627912089293,2444.1235378845163,2240.9000322802694,922.8627445638717,1206.2002834321154,2104.1745052137517,2057.885116109289,1567.8115653468335,900.6379637436487,1069.5371109524322,2417.415948047999,3011.0371552482293,2321.772393771594,952.2176110070635,841.229089772761,1467.4865674169373,1929.5296864314876,2617.8212655072075,3202.0408145771676,2841.6755882485686,1496.7558438057845,2415.6538548994317,4041.4397019072885,3979.101828876149,2505.581009884043,1375.2004491858224,1541.8215602282955,1745.6686364758839,1796.6557862749833,1378.865803488206,757.1087809633224,538.9526393800598,612.677564154695,1193.4060718948056,1335.594326164743,941.2345189204786,1772.9802204488956,3233.606099406728,3947.915057077087,3035.1180673453364,498.45915834435436,2434.811359084147,3907.5099854150594,3327.7245225986035,2472.453917896318,2860.705203750464,2332.256100381679,647.8992397855069,823.042587688844,1049.8291911376793,258.99002414801635,785.5894976620939,1547.061229661379,1803.214565375168,1336.711927837811,1221.3368464885057,1810.7169644796531,1447.4775742034028,859.0235318753419,1753.1604797706698,1822.1735545898664,810.8446156924996,415.230902958002,919.5796503148466,716.2825086053498,524.3349818466963,536.9741385341723,131.2478216083617,966.8052090164251,1873.3810531280117,2112.001674767403,1994.6641185508943,2170.726972195694,1909.5728122352134,1181.35405648712,1225.5579283208267,745.6283541823992,1627.8361520549824,3442.081868905917,3572.7624035032864,1814.3440043948235,1757.6389820691952,3033.1235165437433,2407.736341701131,666.2553626865072,1924.283787327037,2799.5439872237357,2447.6915022222097,1941.1529288691852,2336.8677691361704,2786.41821750076,2910.2527420479682,2597.770197044561,1525.6471638647697,282.5914697975662,1258.1934578150224,1634.0651692664896,1906.9045791745602,1,1LM8_V
190.57378072399797,872.5940547435038,2115.729515931334,3010.3050639815033,2538.824891376831,752.9377631210589,1137.9805900590916,1781.5529823484435,2077.5728372372578,2707.391117364519,2175.4735388661875,1272.120597360995,2652.9231313851938,3251.084497055001,2502.3369740397197,1294.3401098759707,342.5565670990259,952.892654292423,1455.6931240069675,844.4312498787384,717.4363412512417,2130.7600977272914,2411.141534852197,1937.6614499555901,1849.5745152586442,1609.5204073597638,1557.8692430335102,1851.31037238436,1067.3079715655801,618.6782344258509,1876.5261435641662,2008.9943379145889,1476.989473899763,1025.1808719844819,1032.596500903719,1754.4821589683215,2261.494705306663,2071.5684185815135,1283.5116918351064,851.2927138370225,1890.0145356021835,2651.3265512221074,2533.8404021982246,1836.5051685113524,1095.5475759615076,602.6342760405826,1574.7709747437011,2277.090472013689,2290.5657055992806,2342.922350312766,2228.3822866740356,2244.314577600577,3350.5635556806496,3882.663479623212,3002.161330142382,1882.2001517784893,2406.019475353774,2665.744396729654,1676.6230648868045,616.8300705541143,624.5152486495497,648.349925337779,1850.5560379802569,1890.7652565986175,631.4871640515989,1317.2625319579831,2332.3747947243023,3422.338888903295,3891.8765324468523,2506.644537916758,707.5208863654576,2660.5406141639605,3202.424130877555,2458.0078488311024,1907.5053944175509,2185.6073118789336,2094.8255740689965,1175.1169655222052,354.4884478275074,727.8744700402435,561.7249779502097,591.0573092826772,1044.681764476137,1461.3950112789994,1542.895370530749,1344.8953556468095,1391.0685226313974,1403.5376819188864,1167.8764557467325,1605.5158141446254,2000.115954899796,1262.4826234676643,369.3942067936845,1458.6346197241228,1277.1994916691392,914.2252661031206,1198.589554156956,579.4843120040016,1579.51396233644,2489.319524288146,2331.923503999259,2194.0685386955565,2087.8100171632827,1353.8576200667933,1263.7312843551372,1421.3858624992165,968.8017241961945,2082.480791270852,3224.6606569925184,2957.861293647116,1505.902838607094,1264.3942686833693,2307.465395454641,2391.843594024865,1199.7607665536866,1188.7948424276206,3041.0063366919912,3365.4050096486358,2438.3800092922247,2644.7538834716615,3334.5011611350737,2921.136650102195,1824.2770902753775,827.6468511468557,461.1307542743886,1138.2307125681207,1684.2659717029728,1646.6209121649688,1,7KHH_C
4297.288056319849,2857.7491468764497,570.8798771844074,2452.2251621410624,2297.8274889245,1950.8333327643777,2794.3886204291366,2295.301280222374,849.8384440676047,833.6146024322184,1143.4287172361617,1174.5763632803362,944.1563263209545,1688.4187869182222,2111.6263080186054,1226.3371832792131,890.3271027558103,1183.0959514091826,260.41746679087254,921.9451635330846,973.7193303685726,189.23291447164087,1157.3079531657927,1668.3603773847728,1547.0919174353298,702.9323966506414,1024.2345059864674,1492.7067524184174,640.3383815377616,595.6741832080919,676.4804131513348,721.6019994496577,1769.4725880221597,1327.5765347091096,306.32053975222755,1513.1027613542963,1528.0276889472611,1258.366541616164,710.88914564151,871.0325065409029,2014.1298844537084,1775.6586401832683,1239.0640701123934,1887.3419819024596,1740.5516841253313,985.6517844363775,1300.816529913941,2691.6217465929403,3285.3087541834566,1958.733631706733,1586.2218373883284,4123.782840620628,4940.58722263181,3698.2386657466013,1741.0787344666353,1585.9215299673488,1829.3452121951937,1085.997813969436,130.25891031292824,1269.8055935762895,1905.1081862281462,1527.4165166800956,886.7958318868871,1254.5814209414484,1172.5178649904933,1891.5788837986793,2483.4365315625373,2173.247888907979,2670.962580028816,3014.100315762416,2017.180577193548,1299.9324038108866,1364.3392797761526,735.58764776873,681.8740508242902,840.8941042883362,1183.9200301624062,1178.6898045369453,337.06634376070355,925.2384769745491,1254.7761399143817,873.1289869411921,452.9073785873502,978.9459343030069,1560.9320158725307,1154.3312950835937,1206.6643016843673,2359.4617304989006,2338.337790785947,1222.8062241095492,544.1613268135615,1275.2704890855505,2168.2306129007493,2545.4121492068016,2050.931673617928,1239.2822185687362,903.52851484255,1444.1997134385192,2172.6605154879744,2489.4105707096724,2577.3711697866543,2225.0028454069143,637.6541115478732,1888.0966266185196,3681.658405374159,3250.244766148526,1839.5530902858334,3701.1871857584665,4537.098219025715,2912.8051270464225,1919.7447733092267,3409.57021189215,3388.2745423465008,2159.5673892764003,1050.194520375648,772.8427514358358,2301.136913363713,3202.280971509516,2453.5868311364297,1727.2869942300545,2884.635805810548,2741.395125816033,1126.622628170741,1082.8349135442877,1026.456960642106,982.4604431497138,2470.473999765762,2459.007202014967,2,XP_011915503.1
1898.6657560253097,1879.649513542348,1976.9122200959796,1927.0270715060637,1364.5250938336735,1178.0479875408705,1482.3760158527068,1038.4716753358057,1285.68967584994,2045.2003354061665,1431.1984985747906,497.6305228128563,2281.308531590868,2975.21171813203,2555.1865087675346,1566.774952738123,183.393384056858,1181.41638281982,1570.2958417138286,671.7515950899659,1192.800738840711,2000.2677236983861,1689.8809979612288,1299.6133259086362,1316.620001929096,1011.6222671662679,1107.3984213941721,1522.2766536628726,1423.7376840877039,447.2445357456273,1389.4893277941198,2642.270288491751,2321.5076272735946,858.5241860016596,1743.0534963765056,2355.8729890893624,1796.2140753827912,1024.5060029086633,797.6452026923665,992.0483796503663,1854.2568772291897,3026.69296791188,3058.5659686265417,1462.0268295487076,1135.02750909042,1735.747973725467,1690.0921823210167,3315.9365026993314,3926.622353496613,2622.9819030171857,583.920910269728,2131.299034894677,4062.1589862808846,4394.096259903271,2745.498000392629,635.6396054215318,912.9118621712872,2057.9383563201964,2805.026282972261,1865.524010579571,143.84211339124815,839.5648976318186,666.0847880029481,2129.95734182215,2107.5478063615556,1023.9168616612126,2300.22125876995,3126.4270928627416,3776.150497116424,3404.5549281753792,721.2158271357772,2930.978679123413,4517.22086537367,2987.722444330959,1656.8368743492406,3096.431891008755,2556.0866116202574,844.6971019191217,991.4631610845003,792.5406923809377,356.31689564838643,495.13493220279895,601.7645455246956,1845.1951213716927,2262.2270480506895,1880.4087452969245,2126.73087292139,2051.574748898297,1294.1887224558443,1818.4133540542482,1760.271357434947,528.5386570898838,1206.941485865471,1270.8513822678583,259.7751003386584,741.6647796604583,476.44741793549707,636.5067505314566,1547.6702362074514,1661.055696893024,1429.1765135565247,1640.7729737705592,1968.7064799779503,1907.3411714990236,1418.0528368703683,840.4051520766575,400.63989375867925,1269.01910960803,2844.72879722517,3460.2726704260936,2254.6397189902195,1710.775899603541,3264.762839176417,2795.360681003547,500.11502550113755,2284.4265537019883,3156.1086043197183,2375.3092034905576,1652.7870154178704,2203.9784548814723,2599.5073625322825,2687.872692365657,2662.3250847681174,1837.5999051573788,280.77477883246434,1311.298233600274,1683.7795229246594,2025.960881848494,2,7CJB_A
3902.357601045841,2628.8120531562727,295.19448658752196,2184.1586176894916,2120.6026994713147,1647.6987052488482,2480.091809029271,2109.4354790323255,1004.1849495581914,1166.644858203478,1183.6928511783779,988.3556166338672,620.4588148869867,1850.5407375366897,2465.641353108673,1338.5353653710258,880.9101126143646,1518.0303679400054,505.76778981679547,1025.5704201477004,1268.8170585615217,317.4858805725629,940.731558313309,1420.910092592114,1517.5680088282213,1033.9377193027779,932.2824013130931,1308.6013530891112,611.0537481255608,570.5743440301975,487.6907423545209,801.9178140266152,1757.3790489840328,1112.400472394394,683.1694012242635,1690.2871213014791,1396.5756189596575,1120.803851655057,538.4675551312223,1153.2923577091458,2272.0219309471086,1679.8473040689241,1332.2628695025132,2261.632648961123,1786.806853361983,682.0514320117769,1063.7753037449402,2536.840396941948,3383.749168541627,2151.6449600166306,1648.894851377973,4421.221065789323,5226.791529878478,3696.989910972709,1632.6391952805543,1607.162980929346,1561.7347979143258,899.6085301058212,115.36476143983926,1209.6992105889733,2153.1070944055473,1691.7810155846407,578.7124666594426,1472.908263219074,1223.2084670434529,1646.6759573434979,2615.3505936846627,2261.3255119538,2289.3197253877042,2887.1189938064613,2234.174099168107,1151.6846151320312,1101.4097338939084,805.3093863264024,671.7103574844884,1009.2802880456995,1215.6429486675336,921.8955760604376,256.3645777015728,1089.5514033865431,1340.924067302707,814.7919960660055,486.06759919399855,1265.6109404397785,1553.8208719687775,795.3290703751636,1265.660597941715,2549.503807621499,2481.959963159553,1187.9204286368574,555.1430779028276,1550.9342419530062,2376.3455271014814,2717.92733600833,2141.777937224114,1122.052036738197,629.7743084090179,1125.0473278759775,2171.556059674049,2828.2329190387727,2799.783967693898,2077.1554687833764,400.7492394640769,2022.3904189184148,3507.1231129013395,2877.449281935959,1568.0734074274103,3485.1011919137004,4292.165893132662,2952.5428075092227,1923.2066276082996,3036.6723337322437,3181.1344022502553,2269.486664735607,1292.9608856693526,877.6113451639641,1974.19081820087,2921.8645296164127,2563.831357137016,1762.5518716416295,2558.524267661977,2713.696219296778,1499.0035582656255,965.6036353855504,864.7815390888287,659.0250512137343,2202.8371459505865,2479.6173667356825,2,XP_011732630.1
3956.610804358931,2510.268552889769,744.5873153716534,2802.963322065926,2714.4405180665613,2366.423905343311,3137.971094794068,2740.9033197474564,1460.2676841135642,996.3673715753862,1145.7459466374933,1077.8202218834153,187.72391078138915,1623.1257606771535,2540.1647349663976,2037.4595243313959,1126.3232708268388,591.6140313742807,635.2619855281722,1685.8770914742563,1583.5351144540994,659.8865794197515,1145.857096765494,1651.770441958916,1649.2276172550633,1278.4077942593217,1484.224891873609,1561.4710464063012,703.7207113388583,1161.5171660364708,1202.3235407023587,547.5267143136256,1524.254532212162,1227.884173039652,584.0925856641725,1595.928582119024,1644.406887823523,1493.812164334898,950.6418711278617,542.5671669293621,1843.3497530884447,1929.9407960395683,1719.8482276366426,1939.9792186057755,1361.2174560532114,421.2988853516886,820.3045935708128,1987.4546734606008,2639.9227610299176,1563.9635188937784,980.9674031609106,3341.5687311429274,4131.521108564771,3181.8651121983303,1472.0546530066779,931.6390933914593,1493.602021712826,1481.1602694131288,713.1108208302202,808.2336041070935,2111.160115067649,2249.283920831396,1220.0410880739475,565.8001283648182,1460.8459809676178,2468.2763217152706,2541.1094935312767,1661.0105131756507,2578.6151715463575,3319.9859988741605,2416.9429360014174,1320.0479287710436,1066.7214269042065,436.35867514357636,606.6609366823064,526.6634621072365,919.2491281369101,1190.826528009548,772.032418614047,983.7416267422899,1133.9251003095687,899.151173532105,997.575423234216,1654.825483753362,2280.4369612118658,1861.3287002830448,838.5245352108146,1548.8553709298092,1712.1347242235959,1143.844582914395,1366.4803381175718,2133.987622123337,2993.514561705071,3255.660937036416,2522.03449246454,1427.04741026304,1034.7981299576059,1349.9421571697014,1636.6796183597544,1774.5421681601417,2286.2071236331453,2440.719499584361,1130.9743737176937,1352.7484939869075,3181.0983284606364,2821.460913529067,1449.0010978087605,3497.261594443297,4278.013834265947,2574.1367218786277,1931.4226743312984,3689.4364918172782,3747.268681646487,2562.7637923650414,1495.8489265335484,880.7641403525985,1860.8957651901708,2626.1928891622447,2129.3279264413313,2330.3962441017084,3422.079315746037,2849.9740228943856,623.4773729889869,1451.3260232861114,1696.3457160139485,806.8045509347503,2197.8091957072847,2742.4858627833983,2,XP_007983401.1
1927.9672041848448,1655.5977322395147,1740.7267348293046,2030.0502001870623,1625.6686129362395,1335.2953349721952,1267.0588403735794,770.423456305963,1342.8041826388583,1777.684715653791,1124.137552154165,442.6825861361239,1912.2789213252051,2830.8395668908393,2672.181798046952,1534.7094299901119,122.42854011470618,893.2974485135535,1193.23943429629,733.5008885053315,919.0053146429603,1860.2955003985505,1738.5397328278282,859.0056728385323,1238.9831904986163,1092.5449714655856,622.9554073487332,1627.6637332286807,1634.0141105506866,602.6323185216733,1000.5016828937381,2153.025108996576,2414.0894949743993,1246.8072670845781,1268.2134178781118,2782.502556220549,2583.6894088670056,1142.1843516556457,172.32794566572258,585.8835604208967,2170.5078330723354,3235.4890016189506,2866.1779010070422,1346.0049772373966,482.47125405285266,1847.7432394186997,2485.9108747899386,3149.693706592968,3857.209700827834,3090.4524089658385,927.5629184487075,3011.10212345928,4485.952842301742,3760.1872864083334,1977.7730282742173,936.9469320708185,1213.0133040751293,1952.5480621526171,2168.512642004679,1527.0294662444355,634.868092739967,79.9304530229937,693.1028661079392,1419.2415455683088,1427.059958502935,646.343611943573,1992.8758977927014,3736.874432452607,4190.317836370978,2774.065806065475,368.06035891007946,2618.8844143310866,3687.1423313019804,3099.4624590721605,2232.8470893194326,2186.3772092267914,1873.0662775029755,997.2578316360433,394.2930773872006,715.6855165765626,725.4765820915535,599.3371350712189,1326.3925780845725,1997.424625523112,1788.621325732103,858.1378164469363,1255.1877932703323,1537.142297146262,535.5480274931934,1175.8085056559632,1967.058618029981,1466.0778617984543,802.5535274603893,895.4639267717203,378.0753213039264,429.655777008054,637.3248993023374,595.0897016430682,815.2255491547613,1115.656284092339,1726.4921006582235,1930.314045497071,1831.7965024767905,1984.908637637854,1719.4978397803895,1127.5223953881066,460.5593612939517,1149.4860069947583,3100.350214409585,3607.33685895471,1917.6849346375298,1796.5745801490818,3477.8777793659465,2828.8603138786993,390.41529474541295,2004.1352303610502,3103.063564976613,3023.631556378777,2497.280480367435,2328.2728826772177,2771.4463926853564,2803.1610848358773,1983.8464901384202,896.248657165657,591.7826093695796,1087.4350609710045,1497.2271177182786,1466.2265522498753,2,6ZHC_AAA
4608.165840353873,3296.290917660206,247.58290958413892,2443.8610452857934,2642.7326781447155,1543.8046294887224,2762.5310076220258,2745.2494619442737,1570.3140945952487,1419.4465783703724,1446.4493546300107,1561.9027039959533,1297.624751036145,1802.0210376347065,2169.905395660209,1371.8337105033065,699.1823854630399,403.8865579948029,651.838210289633,965.0249546094299,534.4323395124237,255.13916490869616,1347.2559840129238,2266.110213779317,2041.2858501164787,933.0538147436845,505.0026087941007,614.0302141998844,793.0586661883556,293.6342904167262,768.9445271498727,1393.4674430250136,1703.0357085107153,1745.9512153138357,672.7554469703035,1450.930289460644,2064.7577857162964,1067.8986555742556,652.647753493551,387.70643413260314,1301.3613122623299,1800.7976441764015,1175.1011900831215,2282.398289852619,2519.03209974474,1078.419592113181,947.3559445350523,2638.252994494287,3446.9327800302885,1862.4559729385885,1963.0747225577047,5402.210443272243,5932.892580499912,3536.3365364435854,841.2987213557996,1903.8109255787797,2213.0792160388905,1360.2789138280402,366.1767432635336,1784.7453254996267,1952.6230435489679,821.4602716009524,711.8969574075478,1391.7030848221361,1649.5077553749247,1837.6515984455248,1586.2341756207504,1550.4280226677997,2537.937367371498,2840.961901166007,1947.1759124619214,1700.0395050045684,1965.5731374180955,1125.4676248732064,180.19860340434457,919.9839714231565,1273.0149769521943,925.751860880016,597.174442970437,1285.7284574950802,1552.7159232216013,1686.7975233765105,923.7598931767361,765.1699101716508,1914.2749592857758,1635.4637531432659,1289.5561079588642,1677.6141649136864,1597.2423283824437,1122.041280103232,1021.8517579308303,1744.4647444392872,1677.9264446565126,1618.1024907393294,2058.075522716278,1649.0583702747585,726.2208239672234,560.3444191375843,1552.1750878006605,2573.0892610322658,3037.104061601815,2285.230420806433,266.9010638034704,2418.4112830667036,3514.910458915133,2656.1854014991486,1858.4143167460338,3486.5694225164248,4274.635239952156,2910.2920197270814,1462.0047032719244,3117.3126347298703,3130.5779619133577,1634.42557823455,643.0016512285125,618.0679532663174,2316.699203972595,3027.526777404072,1941.5754212297886,1947.531246574609,3455.868953723821,3314.3911665908818,1685.016028842617,970.1535796472763,1130.7025490612766,821.6213340545162,2147.1043700005434,2519.225856220069,2,XP_011807665.1
3836.6664476844394,2966.797119001555,498.125375343019,2516.9586528426134,2717.524389197496,1482.17697405599,3116.352293725701,2650.463116347461,799.0951420079339,716.8493292948216,817.626461862331,1563.4165771005992,1426.084188079044,2094.1424240326,2057.257933346932,792.6587309411914,542.6323043259873,795.5479825008543,624.1989997633805,513.3169602402279,933.9963458425939,338.37885755657794,1231.6117269368763,2012.4239172041923,1516.378638572654,421.1269287725923,826.2271468643767,1231.86161498138,751.6877997670467,359.01002612310526,611.7096420847128,804.8524816423119,1396.8712638955662,1317.0794696886435,152.76997619958192,1430.9889127795993,2076.5898403941005,1218.532354966448,198.46326406982828,493.3652188418471,1373.0129293476502,1827.22224882675,1472.8238457814557,2376.075821261591,2647.916717764925,1607.507071407847,357.00623542095565,2800.7101488885037,4239.484729679285,2638.211384010624,1463.2598335528426,5089.21805575887,5682.540983035256,3277.12167703563,1116.2190871464072,2569.2205043613185,2318.8452389375584,823.1063855257421,1015.7847844854549,1983.6990708668093,2017.1709366241164,1082.5255250588277,628.5796897405677,891.4011353904103,738.4839598950672,1432.1349295978243,1975.3103273168713,1811.2891032037924,2443.255650337794,3083.3828672180116,2272.0536108162905,1540.8341301950281,1554.6130988147145,640.046495964234,725.617174779266,993.9785515083444,1310.2191417654726,1125.833536723793,173.05134470499533,801.8420215921844,1061.2383217171205,1132.2179075737824,334.01588984665227,1190.5218124054197,1838.737151983276,1094.3535997484653,1173.5356643392763,1993.4146763502051,2122.868465119102,1514.5869705128375,920.6764094171441,1666.6254587374772,1982.2766326544677,2163.0425082910906,2185.9721612225844,1668.6633725440868,1011.7980398233555,1024.5480909283249,2115.7282022920267,2791.5679710463864,2970.9645535657855,2422.401257713817,465.13060869266104,2226.6374242186384,3652.3107916002737,2931.0628984993873,2086.627658539231,3690.487780767891,4280.568777778874,2786.3951180635368,1794.200632152875,3409.7462870760137,3538.5008836244583,2223.1011553896574,956.1466544200904,702.3852117648129,2235.6192215565775,3168.9813841174973,2441.373459335953,1696.1027229547792,2853.6337959158004,2762.5939108215534,1199.359648426149,1124.1429794274734,1139.8219590155716,859.9879451833215,2481.6934139347404,2582.8084930383184,2,XP_025231003.1
996.474660740972,1128.9935742638625,1614.550303152549,2635.3637761556815,2626.411221330226,956.9453594053923,1095.6958985131052,1436.4778394776479,1446.9584400423162,2778.589515200091,2390.9379808103404,954.4399701304046,2770.7423403689586,3560.1996747439703,2862.607227711177,1596.464240523822,236.41975315191777,963.4924413358377,1445.1883003894527,1056.9523769444263,909.9946151182185,1866.2639599960764,1934.6798595175658,1165.3362005276642,1703.7416489027578,1671.5995937687587,935.6213987773871,2075.105323885653,2013.0502670620033,684.3186480267368,1668.0935301522156,1926.0390621862618,1226.1764474314132,1249.9914708143294,1080.4134166564158,327.2981260040579,1723.37483980751,2924.991191911181,2665.0578497175616,863.1954682812751,1785.454104319941,2852.037745099538,2273.186690066941,1295.1551166287516,1145.5003953943813,1573.8553393626316,2272.45564030381,2310.5694438967603,1833.3420662907085,1723.6971753580667,1547.3409930948837,1854.368457879465,3463.3412037136327,4558.611650611763,4036.7830164908164,2121.786719374604,855.9219181768876,1837.9613890048822,1888.0575867044056,1361.693181386603,1158.767165889703,1474.6536639777994,1732.5619737794248,1346.3095157719574,700.5782341494429,1284.0768772783647,2011.6270497034195,2669.0467148456787,2920.5683208999453,2309.5837551219906,931.8531097960639,1047.3018084654486,3017.8473629387563,3933.8128115097084,3056.369280377685,1503.5209300845868,1740.3576017217094,1544.7700251638275,423.4568877015887,461.35491298963484,319.57234108302936,456.20185569493987,705.3715959764887,1057.9452008006504,1423.6994093593905,1138.0353585788673,885.6966379524092,1468.4935872933086,1562.8178027558304,1043.864131869861,2008.1841564206563,2925.466443634455,2183.4058722540462,613.550654441363,1379.7558814539696,1059.6990279211377,235.07655123593892,833.4022671163926,891.9546096775684,1768.29178615558,1902.7211217174765,1921.2512792514678,2801.945886828763,3132.1885939831795,2692.603748454829,1739.5772769516375,2394.2882646697526,3615.8637257036603,2647.3007602774246,609.6904122059996,2440.7121500398225,2032.2284959609476,1464.4807852945398,3192.5207828870934,2925.4971007800814,1284.8921214593915,1511.6436379757797,1354.3127049022658,349.54901847717474,755.9219733899758,157.65215888543133,1457.7182058925598,3009.8329543597397,3749.805860857576,3504.4183677932906,2586.721561105226,1594.8701498433418,1099.0981776168687,2,4B9K_C
2634.5398097700586,1324.1257167493327,1933.0811684787104,2929.6806388677487,1645.5590359558284,314.29989560096857,759.0504529638416,1677.8715067217233,503.0038904084509,2326.218604079578,2453.814087042202,639.0823373782289,2614.690623553875,2296.368993450016,3558.1364436866766,2622.150371180971,406.34675058973073,1569.0437213711352,1182.7085204462733,1258.3224096770614,799.7003924996122,2284.8108561558365,1935.4442357163514,1273.7005365196032,1415.2995231862778,1391.922398599709,643.3452069504896,1873.857021052946,1512.7340611216712,475.0253823637892,693.4474567687641,2000.4712380435953,2468.5164955528544,1741.006882589911,709.5493458488021,632.0116727627423,1966.5187552396894,3034.9777183331694,1753.8562219135983,436.8999180617733,438.25109219420364,2794.025995885955,4203.610865838432,2396.9085145923195,648.7405546493594,2190.652997234222,3195.919834026623,4324.267674295882,3989.6719939412756,2683.1424418886627,940.5276933649525,3186.6928688356425,4580.160784448457,3383.5629157528347,4208.603406846317,3023.227605122682,1500.3996741466012,1875.4916465100018,1146.9941957854005,2959.6341997573886,2296.8629110385714,568.8633455940861,1297.1274823725073,2307.527689746566,1487.8282584472786,778.092789862058,2109.9309190481704,2940.4984195911484,3638.1873119546667,3573.2374738932576,1341.0760229699795,2152.695736101234,3707.941884990816,3506.520774612895,2489.253068114219,1647.1937044725685,1510.5457765441374,978.7776098891675,512.121014221553,385.3068776555834,469.9357259823842,889.7491194731168,1178.1246190031295,1843.2099869055428,1586.732766841076,550.1444408147072,1810.5471996243293,1163.7504602343233,1496.3566155624385,1270.853835340707,1590.581912896781,3558.492603425071,2189.2262213744443,1042.9743420722577,2063.3402660724087,207.47291045585146,1520.957489705823,740.771135249773,1116.7661683183085,1670.0443910154129,1332.3742872619462,1305.4282006373514,2860.304605682372,3354.4099570769536,3498.305264577234,2538.3315632957433,2192.510889226288,3324.0791862341175,1779.773294951861,447.02955456596607,1454.5811508705372,1710.0077474429029,207.09320281818128,2904.7580485844014,3838.493957566562,2367.21752060321,592.0324962142117,512.6170972342089,819.5362339305409,879.3568241902609,254.5982118814494,1749.249542813122,3231.769088597328,3215.5615434999963,2825.5403815045083,2988.7375942065933,2083.37984075534,1107.65833722392,2,4BKS_C
